{
    "name": "root",
    "metadata": {
        "timer_format_version": "0.1.0",
        "start_time_seconds": "1609932378",
        "python_version": "3.8.5 (default, Sep  3 2020, 21:29:08) [MSC v.1916 64 bit (AMD64)]",
        "command_line_arguments": "D:\\Applications\\Anaconda\\envs\\ml-agents-1\\Scripts\\mlagents-learn ./trainer_config.yaml --run-id SceneUnity_Test_02",
        "mlagents_version": "0.23.0",
        "mlagents_envs_version": "0.23.0",
        "communication_protocol_version": "1.3.0",
        "pytorch_version": "1.7.0+cu110",
        "numpy_version": "1.18.5",
        "end_time_seconds": "1609932427"
    },
    "total": 49.099360999999995,
    "count": 1,
    "self": 0.04501739999999188,
    "children": {
        "run_training.setup": {
            "total": 0.036678300000000164,
            "count": 1,
            "self": 0.036678300000000164
        },
        "TrainerController.start_learning": {
            "total": 49.017665300000004,
            "count": 1,
            "self": 0.04539029999995137,
            "children": {
                "TrainerController._reset_env": {
                    "total": 10.869740799999999,
                    "count": 1,
                    "self": 10.869740799999999
                },
                "TrainerController.advance": {
                    "total": 37.981242300000055,
                    "count": 1097,
                    "self": 0.022174000000077854,
                    "children": {
                        "env_step": {
                            "total": 37.95906829999998,
                            "count": 1097,
                            "self": 31.355531399999975,
                            "children": {
                                "SubprocessEnvManager._take_step": {
                                    "total": 6.582664500000018,
                                    "count": 1097,
                                    "self": 0.12864329999997182,
                                    "children": {
                                        "TorchPolicy.evaluate": {
                                            "total": 6.454021200000046,
                                            "count": 1097,
                                            "self": 1.8098249000000184,
                                            "children": {
                                                "TorchPolicy.sample_actions": {
                                                    "total": 4.6441963000000275,
                                                    "count": 1097,
                                                    "self": 4.6441963000000275
                                                }
                                            }
                                        }
                                    }
                                },
                                "workers": {
                                    "total": 0.020872399999984026,
                                    "count": 1097,
                                    "self": 0.0,
                                    "children": {
                                        "worker_root": {
                                            "total": 39.886497099999914,
                                            "count": 1097,
                                            "is_parallel": true,
                                            "self": 10.905259499999744,
                                            "children": {
                                                "steps_from_proto": {
                                                    "total": 0.0010563999999995133,
                                                    "count": 1,
                                                    "is_parallel": true,
                                                    "self": 0.00036609999999903664,
                                                    "children": {
                                                        "_process_vector_observation": {
                                                            "total": 0.0006903000000004766,
                                                            "count": 2,
                                                            "is_parallel": true,
                                                            "self": 0.0006903000000004766
                                                        }
                                                    }
                                                },
                                                "UnityEnvironment.step": {
                                                    "total": 28.98018120000017,
                                                    "count": 1097,
                                                    "is_parallel": true,
                                                    "self": 0.16212930000000725,
                                                    "children": {
                                                        "UnityEnvironment._generate_step_input": {
                                                            "total": 1.0002781000000258,
                                                            "count": 1097,
                                                            "is_parallel": true,
                                                            "self": 1.0002781000000258
                                                        },
                                                        "communicator.exchange": {
                                                            "total": 27.053637000000187,
                                                            "count": 1097,
                                                            "is_parallel": true,
                                                            "self": 27.053637000000187
                                                        },
                                                        "steps_from_proto": {
                                                            "total": 0.7641367999999549,
                                                            "count": 1097,
                                                            "is_parallel": true,
                                                            "self": 0.28254599999981167,
                                                            "children": {
                                                                "_process_vector_observation": {
                                                                    "total": 0.4815908000001432,
                                                                    "count": 2194,
                                                                    "is_parallel": true,
                                                                    "self": 0.4815908000001432
                                                                }
                                                            }
                                                        }
                                                    }
                                                }
                                            }
                                        }
                                    }
                                }
                            }
                        }
                    }
                },
                "TrainerController._save_models": {
                    "total": 0.12129190000000278,
                    "count": 1,
                    "self": 0.0042514000000011265,
                    "children": {
                        "RLTrainer._checkpoint": {
                            "total": 0.11704050000000166,
                            "count": 1,
                            "self": 0.11704050000000166
                        }
                    }
                }
            }
        }
    }
}