{
  "name": "root",
  "gauges": [
    {
      "name": "ArcadeDriver.mean_reward",
      "value": 309.10511997227684,
      "min": -10.05996340819911,
      "max": 319.23663863435434,
      "count": 724
    }
  ],
  "total": 23866.3865082,
  "count": 1,
  "self": 1098.1403300995007,
  "children": [
    {
      "name": "TrainerController.advance",
      "total": 22768.2461781005,
      "count": 2457335,
      "self": 2574.070896799454,
      "children": [
        {
          "name": "env_step",
          "total": 17895.510043101054,
          "count": 2457335,
          "self": 16045.563798200214,
          "children": [
            {
              "name": "SubprocessEnvManager._take_step",
              "total": 1809.478352100429,
              "count": 2457335,
              "self": 61.8562526997282,
              "children": [
                {
                  "name": "PPOPolicy.evaluate",
                  "total": 1747.6220994007008,
                  "count": 2457335,
                  "self": 1747.6220994007008
                }
              ]
            },
            {
              "name": "workers",
              "total": 40.467892800411455,
              "count": 2457334,
              "self": 0.0,
              "children": [
                {
                  "name": "worker_root",
                  "total": 23793.841531199425,
                  "count": 2457334,
                  "is_parallel": true,
                  "self": 9848.795631601348,
                  "children": [
                    {
                      "name": "batched_step_result_from_proto",
                      "total": 0.00043750000000031264,
                      "count": 1,
                      "is_parallel": true,
                      "self": 0.00016740000000048383,
                      "children": [
                        {
                          "name": "_process_vector_observation",
                          "total": 0.0002700999999998288,
                          "count": 1,
                          "is_parallel": true,
                          "self": 0.0002700999999998288
                        }
                      ]
                    },
                    {
                      "name": "UnityEnvironment.step",
                      "total": 13945.045462098076,
                      "count": 2457334,
                      "is_parallel": true,
                      "self": 314.73430019689295,
                      "children": [
                        {
                          "name": "UnityEnvironment._generate_step_input",
                          "total": 315.42027799979894,
                          "count": 2457334,
                          "is_parallel": true,
                          "self": 315.42027799979894
                        },
                        {
                          "name": "communicator.exchange",
                          "total": 12364.488697899455,
                          "count": 2457334,
                          "is_parallel": true,
                          "self": 12364.488697899455
                        },
                        {
                          "name": "batched_step_result_from_proto",
                          "total": 950.4021860019286,
                          "count": 2457334,
                          "is_parallel": true,
                          "self": 406.2698900008518,
                          "children": [
                            {
                              "name": "_process_vector_observation",
                              "total": 544.1322960010768,
                              "count": 2457334,
                              "is_parallel": true,
                              "self": 544.1322960010768
                            }
                          ]
                        }
                      ]
                    }
                  ]
                }
              ]
            }
          ]
        },
        {
          "name": "update_policy",
          "total": 2298.66523819999,
          "count": 1859,
          "self": 1733.817437300152,
          "children": [
            {
              "name": "PPOPolicy.update",
              "total": 564.8478008998383,
              "count": 114576,
              "self": 564.8478008998383
            }
          ]
        }
      ]
    }
  ]
}