{
  "name": "root",
  "gauges": [
    {
      "name": "ArcadeDriver.mean_reward",
      "value": 47.66015420340992,
      "min": 1.0621410924942045,
      "max": 104.34886436597068,
      "count": 1271
    }
  ],
  "total": 21906.2960632,
  "count": 1,
  "self": 957.2704593000926,
  "children": [
    {
      "name": "TrainerController.advance",
      "total": 20949.025603899907,
      "count": 1271313,
      "self": 2277.1755441009846,
      "children": [
        {
          "name": "env_step",
          "total": 15782.4744620989,
          "count": 1271313,
          "self": 14773.913972499264,
          "children": [
            {
              "name": "SubprocessEnvManager._take_step",
              "total": 986.4755791994605,
              "count": 1271313,
              "self": 34.550999199907665,
              "children": [
                {
                  "name": "PPOPolicy.evaluate",
                  "total": 951.9245799995529,
                  "count": 1271313,
                  "self": 951.9245799995529
                }
              ]
            },
            {
              "name": "workers",
              "total": 22.08491040017578,
              "count": 1271312,
              "self": 0.0,
              "children": [
                {
                  "name": "worker_root",
                  "total": 21866.531648998745,
                  "count": 1271312,
                  "is_parallel": true,
                  "self": 8310.966957499113,
                  "children": [
                    {
                      "name": "batched_step_result_from_proto",
                      "total": 0.0009517000000016651,
                      "count": 1,
                      "is_parallel": true,
                      "self": 0.0003449000000017577,
                      "children": [
                        {
                          "name": "_process_vector_observation",
                          "total": 0.0006067999999999074,
                          "count": 1,
                          "is_parallel": true,
                          "self": 0.0006067999999999074
                        }
                      ]
                    },
                    {
                      "name": "UnityEnvironment.step",
                      "total": 13555.563739799632,
                      "count": 1271312,
                      "is_parallel": true,
                      "self": 229.68317530249988,
                      "children": [
                        {
                          "name": "UnityEnvironment._generate_step_input",
                          "total": 284.48673419870585,
                          "count": 1271312,
                          "is_parallel": true,
                          "self": 284.48673419870585
                        },
                        {
                          "name": "communicator.exchange",
                          "total": 12292.320058900192,
                          "count": 1271312,
                          "is_parallel": true,
                          "self": 12292.320058900192
                        },
                        {
                          "name": "batched_step_result_from_proto",
                          "total": 749.0737713982346,
                          "count": 1271312,
                          "is_parallel": true,
                          "self": 266.83916849743434,
                          "children": [
                            {
                              "name": "_process_vector_observation",
                              "total": 482.23460290080027,
                              "count": 1271312,
                              "is_parallel": true,
                              "self": 482.23460290080027
                            }
                          ]
                        }
                      ]
                    }
                  ]
                }
              ]
            }
          ]
        },
        {
          "name": "update_policy",
          "total": 2889.3755977000224,
          "count": 2204,
          "self": 2216.7485063997665,
          "children": [
            {
              "name": "PPOPolicy.update",
              "total": 672.6270913002559,
              "count": 132735,
              "self": 672.6270913002559
            }
          ]
        }
      ]
    }
  ]
}