{
  "name": "root",
  "gauges": [
    {
      "name": "ArcadeDriver.mean_reward",
      "value": 17.793011637770036,
      "min": 4.503977582127125,
      "max": 93.64424900030163,
      "count": 940
    }
  ],
  "total": 18451.731559000003,
  "count": 1,
  "self": 551.2932957001576,
  "children": [
    {
      "name": "TrainerController.advance",
      "total": 17900.438263299846,
      "count": 940251,
      "self": 2150.4378374004355,
      "children": [
        {
          "name": "env_step",
          "total": 15750.00042589941,
          "count": 940251,
          "self": 9851.465797498495,
          "children": [
            {
              "name": "SubprocessEnvManager._take_step",
              "total": 5883.466513000419,
              "count": 940251,
              "self": 24.430745400527485,
              "children": [
                {
                  "name": "PPOPolicy.evaluate",
                  "total": 5859.035767599891,
                  "count": 940251,
                  "self": 5859.035767599891
                }
              ]
            },
            {
              "name": "workers",
              "total": 15.068115400497774,
              "count": 940250,
              "self": 0.0,
              "children": [
                {
                  "name": "worker_root",
                  "total": 18423.559152500584,
                  "count": 940250,
                  "is_parallel": true,
                  "self": 9410.537899900502,
                  "children": [
                    {
                      "name": "batched_step_result_from_proto",
                      "total": 0.0011790999999945484,
                      "count": 1,
                      "is_parallel": true,
                      "self": 0.00037159999999403226,
                      "children": [
                        {
                          "name": "_process_vector_observation",
                          "total": 0.0008075000000005161,
                          "count": 1,
                          "is_parallel": true,
                          "self": 0.0008075000000005161
                        }
                      ]
                    },
                    {
                      "name": "UnityEnvironment.step",
                      "total": 9013.020073500082,
                      "count": 940250,
                      "is_parallel": true,
                      "self": 150.86536440040618,
                      "children": [
                        {
                          "name": "UnityEnvironment._generate_step_input",
                          "total": 178.82819829919475,
                          "count": 940250,
                          "is_parallel": true,
                          "self": 178.82819829919475
                        },
                        {
                          "name": "communicator.exchange",
                          "total": 8208.944230300189,
                          "count": 940250,
                          "is_parallel": true,
                          "self": 8208.944230300189
                        },
                        {
                          "name": "batched_step_result_from_proto",
                          "total": 474.3822805002934,
                          "count": 940250,
                          "is_parallel": true,
                          "self": 172.5928440010337,
                          "children": [
                            {
                              "name": "_process_vector_observation",
                              "total": 301.7894364992597,
                              "count": 940250,
                              "is_parallel": true,
                              "self": 301.7894364992597
                            }
                          ]
                        }
                      ]
                    }
                  ]
                }
              ]
            }
          ]
        }
      ]
    }
  ]
}