{
  "name": "root",
  "gauges": [
    {
      "name": "ArcadeDriver.mean_reward",
      "value": -12.832740009966,
      "min": -28.368419240476214,
      "max": 204.91425263976873,
      "count": 795
    }
  ],
  "total": 40395.006344400004,
  "count": 1,
  "self": 1036.1892141016142,
  "children": [
    {
      "name": "TrainerController.advance",
      "total": 39358.81713029839,
      "count": 2369041,
      "self": 4509.770676498541,
      "children": [
        {
          "name": "env_step",
          "total": 28143.362994599996,
          "count": 2369041,
          "self": 26172.006601206256,
          "children": [
            {
              "name": "SubprocessEnvManager._take_step",
              "total": 1937.9538248959705,
              "count": 2369041,
              "self": 53.651900498610075,
              "children": [
                {
                  "name": "PPOPolicy.evaluate",
                  "total": 1884.3019243973604,
                  "count": 2369041,
                  "self": 1884.3019243973604
                }
              ]
            },
            {
              "name": "workers",
              "total": 33.40256849777028,
              "count": 2369040,
              "self": 0.0,
              "children": [
                {
                  "name": "worker_root",
                  "total": 40271.40829929647,
                  "count": 2369040,
                  "is_parallel": true,
                  "self": 16268.121896697005,
                  "children": [
                    {
                      "name": "batched_step_result_from_proto",
                      "total": 0.0008060999999983665,
                      "count": 1,
                      "is_parallel": true,
                      "self": 0.00019490000000033092,
                      "children": [
                        {
                          "name": "_process_vector_observation",
                          "total": 0.0006111999999980355,
                          "count": 1,
                          "is_parallel": true,
                          "self": 0.0006111999999980355
                        }
                      ]
                    },
                    {
                      "name": "UnityEnvironment.step",
                      "total": 24003.285596499463,
                      "count": 2369040,
                      "is_parallel": true,
                      "self": 515.8887160953454,
                      "children": [
                        {
                          "name": "UnityEnvironment._generate_step_input",
                          "total": 505.2835700966948,
                          "count": 2369040,
                          "is_parallel": true,
                          "self": 505.2835700966948
                        },
                        {
                          "name": "communicator.exchange",
                          "total": 20969.18939060003,
                          "count": 2369040,
                          "is_parallel": true,
                          "self": 20969.18939060003
                        },
                        {
                          "name": "batched_step_result_from_proto",
                          "total": 2012.9239197073953,
                          "count": 2369040,
                          "is_parallel": true,
                          "self": 487.3856430105179,
                          "children": [
                            {
                              "name": "_process_vector_observation",
                              "total": 1525.5382766968773,
                              "count": 2369040,
                              "is_parallel": true,
                              "self": 1525.5382766968773
                            }
                          ]
                        }
                      ]
                    }
                  ]
                }
              ]
            }
          ]
        },
        {
          "name": "update_policy",
          "total": 6705.683459199852,
          "count": 5307,
          "self": 4369.1606853989,
          "children": [
            {
              "name": "PPOPolicy.update",
              "total": 2336.5227738009526,
              "count": 350085,
              "self": 2336.5227738009526
            }
          ]
        }
      ]
    }
  ]
}