{"count":1,"gauges":{},"self":13.394000799999999,"total":13.442851699999999,"children":{"AgentResetIfDone":{"count":557,"self":0.0080349,"total":0.0080349,"children":null},"AgentSendState":{"count":557,"self":0.0081764,"total":0.0397852,"children":{"CollectObservations":{"count":557,"self":0.0316088,"total":0.0316088,"children":null}}}}}