{"count":1,"gauges":{},"self":5.9350268,"total":5.9546944,"children":{"AgentResetIfDone":{"count":264,"self":0.0040066,"total":0.0040066,"children":null},"AgentSendState":{"count":264,"self":0.0035872,"total":0.0146553,"children":{"CollectObservations":{"count":264,"self":0.011068099999999999,"total":0.011068099999999999,"children":null}}}}}