{"count":1,"gauges":{},"self":36.3525664,"total":62.747913399999995,"children":{"AgentResetIfDone":{"count":1861,"self":0.0329306,"total":0.0329306,"children":null},"AgentSendState":{"count":1861,"self":0.8481729,"total":2.8150938,"children":{"CollectObservations":{"count":48386,"self":1.9669207999999998,"total":1.9669208999999999,"children":null}}},"DecideAction":{"count":1861,"self":22.7987552,"total":23.416045099999998,"children":{"AgentInfo.ToProto":{"count":1861,"self":0.61728949999999994,"total":0.61728949999999994,"children":null}}},"AcademyStep":{"count":1861,"self":0.0100247,"total":0.0100247,"children":null},"AgentAct":{"count":1861,"self":0.1212516,"total":0.1212516,"children":null}}}