{"count":1,"gauges":{},"self":11.0145912,"total":34.9726589,"children":{"AgentResetIfDone":{"count":1067,"self":0.0221442,"total":0.0221442,"children":null},"AgentSendState":{"count":1067,"self":0.5160559,"total":1.8928249,"children":{"CollectObservations":{"count":27742,"self":1.376769,"total":1.376769,"children":null}}},"DecideAction":{"count":1067,"self":11.6467096,"total":21.9321822,"children":{"AgentInfo.ToProto":{"count":1067,"self":10.285472,"total":10.2854723,"children":null}}},"AcademyStep":{"count":1067,"self":0.0079773,"total":0.0079773,"children":null},"AgentAct":{"count":1067,"self":0.10091599999999999,"total":0.10091599999999999,"children":null}}}