{"count":1,"gauges":{},"self":21419.5257344,"total":84497.9568768,"children":{"AgentResetIfDone":{"count":5428734,"self":86.5300864,"total":86.5300853,"children":null},"AgentSendState":{"count":5428734,"self":2247.4657792,"total":8592.9934069,"children":{"CollectObservations":{"count":141147084,"self":6345.5277055999995,"total":6345.5276115,"children":null}}},"DecideAction":{"count":5428734,"self":52558.6563072,"total":53861.622020899995,"children":{"AgentInfo.ToProto":{"count":5428734,"self":1302.967296,"total":1302.9672495999998,"children":null}}},"AcademyStep":{"count":5428734,"self":40.1526272,"total":40.152628299999996,"children":null},"AgentAct":{"count":5428734,"self":497.1308544,"total":497.1308772,"children":null}}}