{"count":1,"gauges":{},"self":58.148384,"total":70.5249982,"children":{"AgentResetIfDone":{"count":3460,"self":0.0925751,"total":0.0925751,"children":null},"AgentSendState":{"count":3460,"self":0.8912114,"total":3.036701,"children":{"CollectObservations":{"count":31140,"self":2.1454896,"total":2.1454896,"children":null}}},"DecideAction":{"count":3460,"self":8.936631199999999,"total":8.936631199999999,"children":null},"AcademyStep":{"count":3460,"self":0.025078899999999998,"total":0.025078899999999998,"children":null},"AgentAct":{"count":3460,"self":0.2836307,"total":0.2836307,"children":null}}}