{
    "name": "root",
    "metadata": {
        "timer_format_version": "0.1.0",
        "start_time_seconds": "1609932312",
        "python_version": "3.8.5 (default, Sep  3 2020, 21:29:08) [MSC v.1916 64 bit (AMD64)]",
        "command_line_arguments": "D:\\Applications\\Anaconda\\envs\\ml-agents-1\\Scripts\\mlagents-learn ./trainer_config.yaml --run-id SceneUnity_Test_01",
        "mlagents_version": "0.23.0",
        "mlagents_envs_version": "0.23.0",
        "communication_protocol_version": "1.3.0",
        "pytorch_version": "1.7.0+cu110",
        "numpy_version": "1.18.5",
        "end_time_seconds": "1609932361"
    },
    "total": 48.4385362,
    "count": 1,
    "self": 0.03625240000000218,
    "children": {
        "run_training.setup": {
            "total": 0.026595499999999994,
            "count": 1,
            "self": 0.026595499999999994
        },
        "TrainerController.start_learning": {
            "total": 48.3756883,
            "count": 1,
            "self": 0.04272950000009956,
            "children": {
                "TrainerController._reset_env": {
                    "total": 13.525302699999997,
                    "count": 1,
                    "self": 13.525302699999997
                },
                "TrainerController.advance": {
                    "total": 34.616504999999904,
                    "count": 902,
                    "self": 0.01896639999985439,
                    "children": {
                        "env_step": {
                            "total": 34.59753860000005,
                            "count": 902,
                            "self": 29.0370909999999,
                            "children": {
                                "SubprocessEnvManager._take_step": {
                                    "total": 5.539729400000084,
                                    "count": 902,
                                    "self": 0.10740700000006242,
                                    "children": {
                                        "TorchPolicy.evaluate": {
                                            "total": 5.432322400000022,
                                            "count": 902,
                                            "self": 1.3614990000000198,
                                            "children": {
                                                "TorchPolicy.sample_actions": {
                                                    "total": 4.070823400000002,
                                                    "count": 902,
                                                    "self": 4.070823400000002
                                                }
                                            }
                                        }
                                    }
                                },
                                "workers": {
                                    "total": 0.020718200000064968,
                                    "count": 902,
                                    "self": 0.0,
                                    "children": {
                                        "worker_root": {
                                            "total": 36.86778369999993,
                                            "count": 902,
                                            "is_parallel": true,
                                            "self": 9.70980179999998,
                                            "children": {
                                                "steps_from_proto": {
                                                    "total": 0.0006967000000006607,
                                                    "count": 1,
                                                    "is_parallel": true,
                                                    "self": 0.0002518000000009124,
                                                    "children": {
                                                        "_process_vector_observation": {
                                                            "total": 0.0004448999999997483,
                                                            "count": 2,
                                                            "is_parallel": true,
                                                            "self": 0.0004448999999997483
                                                        }
                                                    }
                                                },
                                                "UnityEnvironment.step": {
                                                    "total": 27.15728519999995,
                                                    "count": 902,
                                                    "is_parallel": true,
                                                    "self": 0.13394039999993268,
                                                    "children": {
                                                        "UnityEnvironment._generate_step_input": {
                                                            "total": 0.8621348999999334,
                                                            "count": 902,
                                                            "is_parallel": true,
                                                            "self": 0.8621348999999334
                                                        },
                                                        "communicator.exchange": {
                                                            "total": 25.50239489999998,
                                                            "count": 902,
                                                            "is_parallel": true,
                                                            "self": 25.50239489999998
                                                        },
                                                        "steps_from_proto": {
                                                            "total": 0.6588150000001036,
                                                            "count": 902,
                                                            "is_parallel": true,
                                                            "self": 0.24486440000011456,
                                                            "children": {
                                                                "_process_vector_observation": {
                                                                    "total": 0.41395059999998907,
                                                                    "count": 1804,
                                                                    "is_parallel": true,
                                                                    "self": 0.41395059999998907
                                                                }
                                                            }
                                                        }
                                                    }
                                                }
                                            }
                                        }
                                    }
                                }
                            }
                        }
                    }
                },
                "TrainerController._save_models": {
                    "total": 0.19115109999999902,
                    "count": 1,
                    "self": 0.0062590000000000146,
                    "children": {
                        "RLTrainer._checkpoint": {
                            "total": 0.184892099999999,
                            "count": 1,
                            "self": 0.184892099999999
                        }
                    }
                }
            }
        }
    }
}