{
    "name": "root",
    "metadata": {
        "timer_format_version": "0.1.0",
        "start_time_seconds": "1609932220",
        "python_version": "3.8.5 (default, Sep  3 2020, 21:29:08) [MSC v.1916 64 bit (AMD64)]",
        "command_line_arguments": "D:\\Applications\\Anaconda\\envs\\ml-agents-1\\Scripts\\mlagents-learn ./trainer_config.yaml --run-id SceneUnity_Test_00",
        "mlagents_version": "0.23.0",
        "mlagents_envs_version": "0.23.0",
        "communication_protocol_version": "1.3.0",
        "pytorch_version": "1.7.0+cu110",
        "numpy_version": "1.18.5",
        "end_time_seconds": "1609932267"
    },
    "total": 47.239780599999996,
    "count": 1,
    "self": 0.04794820000000044,
    "children": {
        "run_training.setup": {
            "total": 0.035625099999999854,
            "count": 1,
            "self": 0.035625099999999854
        },
        "TrainerController.start_learning": {
            "total": 47.1562073,
            "count": 1,
            "self": 0.036687399999991044,
            "children": {
                "TrainerController._reset_env": {
                    "total": 12.3496112,
                    "count": 1,
                    "self": 12.3496112
                },
                "TrainerController.advance": {
                    "total": 34.626953300000004,
                    "count": 905,
                    "self": 0.018177899999990643,
                    "children": {
                        "env_step": {
                            "total": 34.60877540000001,
                            "count": 905,
                            "self": 29.29251909999993,
                            "children": {
                                "SubprocessEnvManager._take_step": {
                                    "total": 5.297433800000132,
                                    "count": 905,
                                    "self": 0.10206330000007746,
                                    "children": {
                                        "TorchPolicy.evaluate": {
                                            "total": 5.195370500000054,
                                            "count": 905,
                                            "self": 1.543146100000106,
                                            "children": {
                                                "TorchPolicy.sample_actions": {
                                                    "total": 3.652224399999948,
                                                    "count": 905,
                                                    "self": 3.652224399999948
                                                }
                                            }
                                        }
                                    }
                                },
                                "workers": {
                                    "total": 0.01882249999995267,
                                    "count": 905,
                                    "self": 0.0,
                                    "children": {
                                        "worker_root": {
                                            "total": 36.625221899999914,
                                            "count": 905,
                                            "is_parallel": true,
                                            "self": 9.249910099999923,
                                            "children": {
                                                "steps_from_proto": {
                                                    "total": 0.0008470999999996565,
                                                    "count": 1,
                                                    "is_parallel": true,
                                                    "self": 0.00025149999999918293,
                                                    "children": {
                                                        "_process_vector_observation": {
                                                            "total": 0.0005956000000004735,
                                                            "count": 2,
                                                            "is_parallel": true,
                                                            "self": 0.0005956000000004735
                                                        }
                                                    }
                                                },
                                                "UnityEnvironment.step": {
                                                    "total": 27.37446469999999,
                                                    "count": 905,
                                                    "is_parallel": true,
                                                    "self": 0.13703620000006822,
                                                    "children": {
                                                        "UnityEnvironment._generate_step_input": {
                                                            "total": 0.8291727000000506,
                                                            "count": 905,
                                                            "is_parallel": true,
                                                            "self": 0.8291727000000506
                                                        },
                                                        "communicator.exchange": {
                                                            "total": 25.76341989999996,
                                                            "count": 905,
                                                            "is_parallel": true,
                                                            "self": 25.76341989999996
                                                        },
                                                        "steps_from_proto": {
                                                            "total": 0.6448358999999133,
                                                            "count": 905,
                                                            "is_parallel": true,
                                                            "self": 0.2362218999998298,
                                                            "children": {
                                                                "_process_vector_observation": {
                                                                    "total": 0.4086140000000835,
                                                                    "count": 1810,
                                                                    "is_parallel": true,
                                                                    "self": 0.4086140000000835
                                                                }
                                                            }
                                                        }
                                                    }
                                                }
                                            }
                                        }
                                    }
                                }
                            }
                        }
                    }
                },
                "TrainerController._save_models": {
                    "total": 0.14295540000000528,
                    "count": 1,
                    "self": 0.0026119000000051074,
                    "children": {
                        "RLTrainer._checkpoint": {
                            "total": 0.14034350000000018,
                            "count": 1,
                            "self": 0.14034350000000018
                        }
                    }
                }
            }
        }
    }
}